,Age,BMI,Glucose,Insulin,HOMA,Leptin,Adiponectin,Resistin,MCP.1,Classification,Label
11,29,23.01,82,5.662999999999999,1.145436133,35.59,26.72,4.58,174.8,1,H
12,25,22.86,82,4.09,0.8272706670000001,20.45,23.67,5.14,313.73,1,H
13,24,18.67,88,6.107,1.33,8.88,36.06,6.85,632.22,1,H
22,29,32.27078777,84,5.81,1.203832,45.6196,6.209635,24.6033,904.9810000000001,1,H
32,28,35.85581466,87,8.576,1.8404096,68.5102,4.7942,21.44366,358.624,1,H
